UserId,Gender,Age
1,1,1
2,0,56
3,0,25
4,0,45
5,0,25
6,1,50
7,0,35
8,0,25
9,0,25
10,1,35
11,1,25
12,0,25
13,0,45
14,0,35
15,0,25
16,1,35
17,0,50
18,1,18
19,0,1
20,0,25
21,0,18
22,0,18
23,0,35
24,1,25
25,0,18
26,0,25
27,0,25
28,1,25
29,0,35
30,1,35
31,0,56
32,1,25
33,0,45
34,1,18
35,0,45
36,0,25
37,1,25
38,1,18
39,0,18
40,0,45
41,1,18
42,0,25
43,0,25
44,0,45
45,1,45
46,0,18
47,0,18
48,0,25
49,0,18
50,1,25
51,1,1
52,0,18
53,0,25
54,0,50
55,1,35
56,0,35
57,0,18
58,0,25
59,1,50
60,0,50
61,0,25
62,1,35
63,0,18
64,0,18
65,0,35
66,0,25
67,1,50
68,0,18
69,1,25
70,0,18
71,0,25
72,1,45
73,0,18
74,0,35
75,1,1
76,0,35
77,0,18
78,1,45
79,1,45
80,0,56
81,1,25
82,0,25
83,1,25
84,0,18
85,0,18
86,1,1
87,0,25
88,1,45
89,1,56
90,0,56
91,0,35
92,1,18
93,0,25
94,0,25
95,0,45
96,1,25
97,1,35
98,1,35
99,1,1
100,0,35
101,1,18
102,0,35
103,0,45
104,0,25
105,0,45
106,1,35
107,0,45
108,0,25
109,0,45
110,0,25
111,0,35
112,0,25
113,0,18
114,1,25
115,0,25
116,0,25
117,0,25
118,0,35
119,1,1
120,0,25
121,0,35
122,1,18
123,0,35
124,0,56
125,0,45
126,0,18
127,1,45
128,0,56
129,0,25
130,0,35
131,0,18
132,0,25
133,1,25
134,0,25
135,0,18
136,0,18
137,1,45
138,0,18
139,1,25
140,1,35
141,0,35
142,0,25
143,0,18
144,0,25
145,0,18
146,1,35
147,0,18
148,0,50
149,0,25
150,0,35
151,1,25
152,0,18
153,0,1
154,0,50
155,0,35
156,1,45
157,0,35
158,0,56
159,1,45
160,0,35
161,0,45
162,1,18
163,0,18
164,1,56
165,0,18
166,0,18
167,1,25
168,1,50
169,0,25
170,0,25
171,1,50
172,0,25
173,0,25
174,0,25
175,1,25
176,1,18
177,0,50
178,0,56
179,0,25
180,0,45
181,0,18
182,0,18
183,1,45
184,1,25
185,0,45
186,0,18
187,1,45
188,0,56
189,0,18
190,0,25
191,0,18
192,0,18
193,1,45
194,1,1
195,0,25
196,1,35
197,0,18
198,0,25
199,0,18
200,1,18
201,1,35
202,0,18
203,1,18
204,0,25
205,0,35
206,0,25
207,0,25
208,0,35
209,0,35
210,1,1
211,0,45
212,0,25
213,1,18
214,0,18
215,0,35
216,0,45
217,0,18
218,0,35
219,1,25
220,0,25
221,1,25
222,0,25
223,0,25
224,1,18
225,0,25
226,0,35
227,0,35
228,0,25
229,0,18
230,0,45
231,0,25
232,0,25
233,1,45
234,0,35
235,0,25
236,0,25
237,0,25
238,1,50
239,0,18
240,0,50
241,0,35
242,1,18
243,0,25
244,0,50
245,0,35
246,1,18
247,0,25
248,0,18
249,1,18
250,0,35
251,0,56
252,0,25
253,1,25
254,0,35
255,0,35
256,0,45
257,0,18
258,0,25
259,0,25
260,0,18
261,0,25
262,1,25
263,1,25
264,0,35
265,1,35
266,0,35
267,0,45
268,1,18
269,0,25
270,0,50
271,0,18
272,0,18
273,0,18
274,0,18
275,0,25
276,0,45
277,1,35
278,0,45
279,0,25
280,0,50
281,1,35
282,0,25
283,0,25
284,0,25
285,1,35
286,0,25
287,0,50
288,1,25
289,1,25
290,1,25
291,0,35
292,0,35
293,0,56
294,1,45
295,0,18
296,0,50
297,0,18
298,1,18
299,0,25
300,0,25
301,0,18
302,0,18
303,0,25
304,0,25
305,1,18
306,0,18
307,0,50
308,0,25
309,0,25
310,1,18
311,0,18
312,1,50
313,1,18
314,1,56
315,1,56
316,0,56
317,0,35
318,1,56
319,1,50
320,0,35
321,0,18
322,0,56
323,0,45
324,0,35
325,1,50
326,0,50
327,0,35
328,0,35
329,0,35
330,0,56
331,0,25
332,0,50
333,0,35
334,1,56
335,0,35
336,0,18
337,0,18
338,0,35
339,0,50
340,1,25
341,1,56
342,0,18
343,1,35
344,0,35
345,0,25
346,1,25
347,1,56
348,0,50
349,0,1
350,0,45
351,0,18
352,0,18
353,1,35
354,0,35
355,0,18
356,0,56
357,0,18
358,1,56
359,0,25
360,0,35
361,1,25
362,0,35
363,0,18
364,1,35
365,1,18
366,0,50
367,0,50
368,0,25
369,0,35
370,0,18
371,0,18
372,1,18
373,1,25
374,1,35
375,0,25
376,0,35
377,0,25
378,1,18
379,1,35
380,0,25
381,0,35
382,1,35
383,1,25
384,0,25
385,0,25
386,0,25
387,1,35
388,1,25
389,0,25
390,0,25
391,0,45
392,0,18
393,0,35
394,0,18
395,0,18
396,0,25
397,0,35
398,0,25
399,1,35
400,1,18
401,0,18
402,0,25
403,0,18
404,0,18
405,0,56
406,0,25
407,0,18
408,0,25
409,0,18
410,1,25
411,1,45
412,0,35
413,0,25
414,0,25
415,1,35
416,0,45
417,1,25
418,1,25
419,0,18
420,0,35
421,1,45
422,0,56
423,0,18
424,0,25
425,0,25
426,0,18
427,0,35
428,1,18
429,0,18
430,1,18
431,0,18
432,0,45
433,0,50
434,1,45
435,0,25
436,0,18
437,0,35
438,0,18
439,0,35
440,0,56
441,0,35
442,0,25
443,0,25
444,0,56
445,0,45
446,1,50
447,1,45
448,0,25
449,0,25
450,0,45
451,0,56
452,0,50
453,0,18
454,0,25
455,1,35
456,0,35
457,0,18
458,0,50
459,1,18
460,0,45
461,0,50
462,0,18
463,0,25
464,1,18
465,0,18
466,0,25
467,1,35
468,1,1
469,0,35
470,1,1
471,0,35
472,0,35
473,1,18
474,0,25
475,1,25
476,0,35
477,0,35
478,0,50
479,0,25
480,1,18
481,0,45
482,0,25
483,0,18
484,1,1
485,0,56
486,0,56
487,1,35
488,0,25
489,0,18
490,0,1
491,0,18
492,0,25
493,0,50
494,1,35
495,0,18
496,0,18
497,1,25
498,0,35
499,1,25
500,1,18
501,0,25
502,0,35
503,0,35
504,0,25
505,0,35
506,0,25
507,1,25
508,0,25
509,0,25
510,0,18
511,1,45
512,0,35
513,0,25
514,0,25
515,0,25
516,1,56
517,1,25
518,1,35
519,1,35
520,1,35
521,0,56
522,0,25
523,0,50
524,0,18
525,0,35
526,0,45
527,1,25
528,1,18
529,0,35
530,0,25
531,1,18
532,0,25
533,0,25
534,0,25
535,0,35
536,0,25
537,0,45
538,0,56
539,0,25
540,0,18
541,1,18
542,0,18
543,0,25
544,0,35
545,0,35
546,1,25
547,0,35
548,1,35
549,0,25
550,0,45
551,0,35
552,0,50
553,0,25
554,0,25
555,0,18
556,1,25
557,0,56
558,0,35
559,1,25
560,0,45
561,1,18
562,0,35
563,0,25
564,0,45
565,0,25
566,0,25
567,0,35
568,1,50
569,1,18
570,0,25
571,0,50
572,0,18
573,1,35
574,0,25
575,0,25
576,1,45
577,0,35
578,0,18
579,0,25
580,0,1
581,0,50
582,0,18
583,1,25
584,1,25
585,0,18
586,0,35
587,0,25
588,1,25
589,0,18
590,1,35
591,0,25
592,0,18
593,1,50
594,1,56
595,0,25
596,1,25
597,0,35
598,0,35
599,0,50
600,0,35
601,1,18
602,1,56
603,1,25
604,0,45
605,1,18
606,1,1
607,0,25
608,0,18
609,0,25
610,0,25
611,0,35
612,0,50
613,0,35
614,0,35
615,0,50
616,0,25
617,1,25
618,0,25
619,1,18
620,0,18
621,0,18
622,0,25
623,0,25
624,0,25
625,1,35
626,0,18
627,0,50
628,1,35
629,1,1
630,1,35
631,0,35
632,0,45
633,0,25
634,1,1
635,0,56
636,0,18
637,0,35
638,0,25
639,0,45
640,0,18
641,1,35
642,1,35
643,0,25
644,0,25
645,0,35
646,0,35
647,0,35
648,1,25
649,0,25
650,0,25
651,0,35
652,0,18
653,0,56
654,0,50
655,1,25
656,1,45
657,1,50
658,1,25
659,1,25
660,0,45
661,0,45
662,0,18
663,1,25
664,0,35
665,0,18
666,1,18
667,0,25
668,1,25
669,0,25
670,0,25
671,0,18
672,0,35
673,0,25
674,0,25
675,0,25
676,0,18
677,0,50
678,0,25
679,0,35
680,0,25
681,0,35
682,0,25
683,0,25
684,0,25
685,0,25
686,0,18
687,1,25
688,0,56
689,1,50
690,0,25
691,0,35
692,1,25
693,0,35
694,0,18
695,1,18
696,0,25
697,1,50
698,0,18
699,0,18
700,0,50
701,1,18
702,0,35
703,1,56
704,1,35
705,0,25
706,0,35
707,0,35
708,0,25
709,0,18
710,0,25
711,0,25
712,0,25
713,0,35
714,0,18
715,0,18
716,0,18
717,0,25
718,0,18
719,0,1
720,0,18
721,1,35
722,0,25
723,0,25
724,0,50
725,0,56
726,1,25
727,0,35
728,0,25
729,0,35
730,0,25
731,0,45
732,0,25
733,0,35
734,0,25
735,0,25
736,0,18
737,0,1
738,0,18
739,0,35
740,0,25
741,0,25
742,0,18
743,1,1
744,0,25
745,0,1
746,1,18
747,0,18
748,0,25
749,0,35
750,1,35
751,1,25
752,1,25
753,0,1
754,0,35
755,1,35
756,0,35
757,0,25
758,0,35
759,1,56
760,0,56
761,0,18
762,0,1
763,0,18
764,0,18
765,0,25
766,1,25
767,0,25
768,0,25
769,0,45
770,0,18
771,1,50
772,0,18
773,0,25
774,0,18
775,0,1
776,1,25
777,0,18
778,0,18
779,0,25
780,0,25
781,0,18
782,0,56
783,0,25
784,0,18
785,0,18
786,0,25
787,0,18
788,0,25
789,0,18
790,0,25
791,0,35
792,0,25
793,1,35
794,0,50
795,1,35
796,0,50
797,1,50
798,1,25
799,1,25
800,1,35
801,1,25
802,0,25
803,0,18
804,0,25
805,0,35
806,0,35
807,0,18
808,0,25
809,0,25
810,0,25
811,0,50
812,0,25
813,0,18
814,1,18
815,0,25
816,0,45
817,0,18
818,0,18
819,0,35
820,0,35
821,0,18
822,1,25
823,0,25
824,0,35
825,0,56
826,1,35
827,0,45
828,0,18
829,0,1
830,0,35
831,1,45
832,0,18
833,0,35
834,1,35
835,0,56
836,0,25
837,0,56
838,0,50
839,0,25
840,1,25
841,1,50
842,1,18
843,0,25
844,0,25
845,1,18
846,0,25
847,1,25
848,0,25
849,0,25
850,0,35
851,0,18
852,0,25
853,0,25
854,1,25
855,1,18
856,1,45
857,0,35
858,0,35
859,0,25
860,0,18
861,0,25
862,0,35
863,0,25
864,1,25
865,0,35
866,0,1
867,0,45
868,0,50
869,0,18
870,1,25
871,0,1
872,0,50
873,0,56
874,0,45
875,0,1
876,0,25
877,0,25
878,0,18
879,0,45
880,0,35
881,0,18
882,0,18
883,1,35
884,0,1
885,0,35
886,1,56
887,1,56
888,1,1
889,0,45
890,0,18
891,0,25
892,0,35
893,1,50
894,0,18
895,0,50
896,0,18
897,0,25
898,0,25
899,1,25
900,1,56
901,1,56
902,0,56
903,0,56
904,0,35
905,1,45
906,0,1
907,1,45
908,1,50
909,0,45
910,1,50
911,0,50
912,1,35
913,0,25
914,1,35
915,0,25
916,1,25
917,0,50
918,1,45
919,1,35
920,0,18
921,0,25
922,0,56
923,0,25
924,0,50
925,1,35
926,0,1
927,1,25
928,1,56
929,0,25
930,0,25
931,1,56
932,1,35
933,0,45
934,1,35
935,0,35
936,0,18
937,0,25
938,1,25
939,1,25
940,0,1
941,0,18
942,1,50
943,1,45
944,0,35
945,0,45
946,0,35
947,0,18
948,0,56
949,0,50
950,0,35
951,0,45
952,0,56
953,0,50
954,1,25
955,1,50
956,0,35
957,0,35
958,0,35
959,0,50
960,0,1
961,0,18
962,1,25
963,0,25
964,0,25
965,0,56
966,0,56
967,1,18
968,0,50
969,1,25
970,0,25
971,0,25
972,0,45
973,1,25
974,0,35
975,0,35
976,0,35
977,0,25
978,0,18
979,0,1
980,0,25
981,0,25
982,1,25
983,1,25
984,0,50
985,0,25
986,1,56
987,1,35
988,0,50
989,0,50
990,0,18
991,1,25
992,1,35
993,0,25
994,0,18
995,1,18
996,0,25
997,0,1
998,0,45
999,0,25
1000,1,25
1001,0,25
1002,0,50
1003,0,25
1004,0,25
1005,0,35
1006,0,18
1007,0,50
1008,0,35
1009,0,50
1010,0,25
1011,0,25
1012,1,35
1013,0,56
1014,1,45
1015,0,35
1016,0,56
1017,0,35
1018,0,18
1019,0,35
1020,0,18
1021,0,35
1022,0,25
1023,0,56
1024,1,35
1025,0,25
1026,1,45
1027,0,18
1028,1,45
1029,0,25
1030,0,25
1031,0,35
1032,0,50
1033,0,25
1034,1,35
1035,0,18
1036,0,35
1037,0,45
1038,1,56
1039,1,35
1040,0,25
1041,0,45
1042,0,35
1043,1,50
1044,0,25
1045,1,1
1046,0,56
1047,0,18
1048,0,35
1049,0,45
1050,0,25
1051,1,25
1052,1,35
1053,0,35
1054,0,1
1055,0,35
1056,0,1
1057,0,45
1058,0,25
1059,1,25
1060,0,18
1061,0,45
1062,0,50
1063,0,35
1064,0,25
1065,1,25
1066,0,45
1067,0,35
1068,1,18
1069,0,25
1070,1,45
1071,0,50
1072,1,35
1073,1,25
1074,0,45
1075,1,25
1076,1,25
1077,0,25
1078,1,45
1079,0,25
1080,0,56
1081,0,18
1082,0,45
1083,0,56
1084,0,1
1085,0,25
1086,0,18
1087,0,25
1088,1,1
1089,0,35
1090,0,25
1091,0,18
1092,1,18
1093,0,50
1094,1,18
1095,1,56
1096,0,1
1097,0,18
1098,0,35
1099,0,25
1100,0,25
1101,0,35
1102,0,18
1103,1,45
1104,0,35
1105,0,35
1106,0,18
1107,1,50
1108,0,56
1109,0,18
1110,1,56
1111,1,50
1112,0,18
1113,0,18
1114,1,18
1115,1,25
1116,0,25
1117,0,18
1118,0,50
1119,0,35
1120,0,18
1121,0,56
1122,0,56
1123,0,50
1124,0,25
1125,1,18
1126,0,56
1127,0,25
1128,0,25
1129,0,35
1130,0,18
1131,0,56
1132,0,18
1133,0,18
1134,0,18
1135,0,50
1136,1,35
1137,0,18
1138,0,18
1139,0,25
1140,1,45
1141,1,25
1142,0,18
1143,0,50
1144,0,25
1145,0,50
1146,1,18
1147,0,25
1148,0,35
1149,0,25
1150,1,25
1151,0,25
1152,0,18
1153,0,18
1154,1,1
1155,0,25
1156,1,50
1157,0,45
1158,1,35
1159,0,18
1160,0,18
1161,0,25
1162,1,35
1163,0,1
1164,1,25
1165,0,25
1166,0,56
1167,1,50
1168,1,25
1169,0,25
1170,0,56
1171,0,45
1172,1,25
1173,1,25
1174,1,18
1175,1,25
1176,0,56
1177,1,25
1178,0,56
1179,0,50
1180,1,50
1181,0,35
1182,0,1
1183,0,35
1184,1,25
1185,1,35
1186,0,18
1187,1,1
1188,0,45
1189,0,25
1190,0,45
1191,1,35
1192,0,50
1193,0,25
1194,1,25
1195,1,1
1196,1,18
1197,0,35
1198,0,1
1199,0,50
1200,0,1
1201,0,18
1202,0,35
1203,1,25
1204,0,25
1205,1,56
1206,1,50
1207,0,50
1208,0,25
1209,0,35
1210,0,25
1211,0,18
1212,1,50
1213,0,50
1214,0,56
1215,0,35
1216,0,25
1217,0,25
1218,0,56
1219,0,25
1220,0,1
1221,0,18
1222,0,35
1223,0,25
1224,0,50
1225,0,45
1226,0,18
1227,0,50
1228,0,25
1229,1,25
1230,0,25
1231,0,25
1232,1,18
1233,1,45
1234,0,18
1235,1,25
1236,1,25
1237,0,18
1238,1,35
1239,1,25
1240,1,18
1241,0,1
1242,1,35
1243,0,35
1244,0,25
1245,0,25
1246,0,18
1247,0,35
1248,1,35
1249,0,35
1250,0,50
1251,0,25
1252,0,56
1253,1,35
1254,1,18
1255,0,25
1256,0,25
1257,1,18
1258,0,45
1259,0,35
1260,0,25
1261,0,18
1262,0,25
1263,0,1
1264,0,25
1265,1,18
1266,0,25
1267,0,25
1268,0,50
1269,1,56
1270,0,25
1271,1,45
1272,0,18
1273,0,35
1274,0,45
1275,0,50
1276,0,35
1277,1,18
1278,0,18
1279,0,35
1280,0,1
1281,0,25
1282,0,50
1283,1,18
1284,0,45
1285,0,35
1286,0,35
1287,1,50
1288,1,35
1289,0,45
1290,0,35
1291,1,35
1292,0,25
1293,0,25
1294,1,50
1295,1,35
1296,0,1
1297,0,25
1298,0,35
1299,0,25
1300,0,1
1301,1,25
1302,0,18
1303,0,25
1304,0,25
1305,0,45
1306,0,25
1307,0,56
1308,0,1
1309,0,25
1310,0,45
1311,0,18
1312,0,25
1313,0,18
1314,1,18
1315,0,35
1316,0,50
1317,0,45
1318,0,18
1319,1,25
1320,0,25
1321,1,25
1322,0,56
1323,1,35
1324,0,35
1325,0,25
1326,1,25
1327,0,1
1328,0,35
1329,0,18
1330,0,56
1331,0,45
1332,0,25
1333,0,25
1334,0,50
1335,0,35
1336,1,50
1337,0,56
1338,0,25
1339,0,35
1340,0,25
1341,0,18
1342,0,35
1343,0,35
1344,1,25
1345,1,25
1346,0,35
1347,1,18
1348,1,1
1349,0,50
1350,1,35
1351,1,25
1352,0,35
1353,0,1
1354,1,25
1355,1,45
1356,1,18
1357,0,45
1358,0,35
1359,0,35
1360,0,25
1361,1,25
1362,0,35
1363,0,50
1364,1,45
1365,1,1
1366,0,1
1367,0,25
1368,1,25
1369,0,25
1370,0,35
1371,1,50
1372,0,1
1373,1,25
1374,0,50
1375,1,45
1376,1,45
1377,0,35
1378,1,45
1379,1,56
1380,0,1
1381,0,18
1382,1,45
1383,1,25
1384,0,18
1385,1,25
1386,1,25
1387,1,50
1388,0,56
1389,0,25
1390,0,35
1391,0,35
1392,0,45
1393,0,18
1394,1,25
1395,0,25
1396,1,25
1397,0,35
1398,1,56
1399,0,18
1400,0,25
1401,1,18
1402,0,18
1403,1,25
1404,0,50
1405,0,56
1406,0,25
1407,1,35
1408,0,25
1409,0,18
1410,0,50
1411,0,35
1412,0,25
1413,0,18
1414,0,18
1415,0,45
1416,0,25
1417,0,35
1418,0,18
1419,1,25
1420,0,18
1421,1,1
1422,0,35
1423,0,25
1424,0,35
1425,0,1
1426,0,18
1427,0,25
1428,1,45
1429,1,35
1430,0,18
1431,0,56
1432,0,35
1433,1,18
1434,1,1
1435,0,25
1436,1,50
1437,0,50
1438,0,18
1439,0,35
1440,0,35
1441,0,35
1442,0,18
1443,0,35
1444,1,25
1445,0,25
1446,0,35
1447,0,18
1448,1,25
1449,0,35
1450,0,18
1451,0,35
1452,1,56
1453,0,25
1454,0,18
1455,1,45
1456,0,25
1457,0,25
1458,0,1
1459,1,25
1460,1,18
1461,1,45
1462,0,35
1463,0,50
1464,0,35
1465,0,50
1466,0,18
1467,0,25
1468,0,1
1469,0,56
1470,0,18
1471,0,25
1472,0,25
1473,0,25
1474,0,25
1475,1,25
1476,1,18
1477,1,45
1478,0,1
1479,1,50
1480,0,25
1481,0,35
1482,0,25
1483,0,18
1484,0,25
1485,1,25
1486,0,25
1487,0,35
1488,0,25
1489,1,35
1490,0,50
1491,0,18
1492,0,25
1493,1,25
1494,0,25
1495,0,18
1496,0,25
1497,0,50
1498,0,18
1499,0,1
1500,0,25
1501,0,25
1502,0,18
1503,0,25
1504,0,18
1505,0,50
1506,0,25
1507,0,35
1508,1,1
1509,0,1
1510,1,25
1511,0,35
1512,0,25
1513,1,35
1514,0,18
1515,0,25
1516,1,25
1517,0,18
1518,0,25
1519,0,18
1520,0,25
1521,1,25
1522,0,35
1523,0,25
1524,0,18
1525,1,25
1526,0,56
1527,0,18
1528,0,25
1529,0,18
1530,0,25
1531,0,45
1532,0,18
1533,0,45
1534,0,50
1535,1,18
1536,1,35
1537,0,18
1538,0,25
1539,0,25
1540,0,45
1541,0,56
1542,0,18
1543,0,25
1544,0,25
1545,0,25
1546,0,25
1547,0,56
1548,0,35
1549,0,35
1550,0,18
1551,0,25
1552,0,45
1553,1,25
1554,1,35
1555,1,18
1556,0,18
1557,1,18
1558,0,18
1559,0,35
1560,1,25
1561,1,18
1562,0,18
1563,1,1
1564,0,50
1565,0,45
1566,0,35
1567,0,25
1568,1,1
1569,1,56
1570,0,18
1571,0,25
1572,1,25
1573,0,1
1574,0,25
1575,1,50
1576,1,45
1577,0,56
1578,0,18
1579,0,25
1580,1,18
1581,1,18
1582,0,18
1583,0,35
1584,0,25
1585,0,56
1586,0,45
1587,1,25
1588,0,25
1589,0,25
1590,0,35
1591,0,50
1592,0,35
1593,0,25
1594,1,35
1595,0,35
1596,1,18
1597,0,25
1598,0,35
1599,0,25
1600,0,35
1601,0,25
1602,1,25
1603,1,25
1604,0,25
1605,1,18
1606,1,35
1607,0,45
1608,0,25
1609,1,35
1610,0,25
1611,0,25
1612,0,25
1613,0,18
1614,0,35
1615,1,45
1616,0,25
1617,0,25
1618,0,50
1619,0,50
1620,0,25
1621,0,25
1622,0,18
1623,0,50
1624,0,25
1625,0,45
1626,0,18
1627,0,18
1628,0,18
1629,0,18
1630,0,45
1631,1,50
1632,0,25
1633,1,45
1634,1,56
1635,0,25
1636,1,25
1637,0,56
1638,1,18
1639,0,25
1640,0,35
1641,0,25
1642,0,50
1643,0,45
1644,0,18
1645,1,18
1646,0,25
1647,0,18
1648,0,50
1649,0,18
1650,0,25
1651,0,25
1652,0,25
1653,0,18
1654,1,45
1655,0,18
1656,0,25
1657,1,45
1658,1,35
1659,1,18
1660,1,25
1661,0,35
1662,0,25
1663,0,18
1664,1,18
1665,0,45
1666,0,25
1667,0,50
1668,0,35
1669,1,25
1670,1,56
1671,0,35
1672,0,25
1673,0,1
1674,0,35
1675,1,25
1676,0,18
1677,0,18
1678,1,18
1679,0,25
1680,0,25
1681,0,18
1682,0,25
1683,1,25
1684,0,18
1685,0,35
1686,0,35
1687,0,25
1688,1,18
1689,0,35
1690,0,35
1691,1,25
1692,0,35
1693,0,25
1694,0,25
1695,0,25
1696,0,35
1697,1,18
1698,0,35
1699,1,25
1700,0,25
1701,1,25
1702,0,18
1703,0,18
1704,0,25
1705,1,18
1706,0,25
1707,0,50
1708,0,25
1709,0,25
1710,0,18
1711,1,18
1712,0,25
1713,0,25
1714,0,25
1715,0,25
1716,0,25
1717,1,50
1718,0,18
1719,0,18
1720,0,18
1721,0,18
1722,0,35
1723,0,35
1724,0,18
1725,0,18
1726,0,25
1727,0,35
1728,0,18
1729,0,25
1730,1,18
1731,1,18
1732,0,18
1733,0,18
1734,0,45
1735,0,18
1736,0,56
1737,0,35
1738,0,35
1739,0,56
1740,0,56
1741,0,35
1742,0,25
1743,0,35
1744,0,35
1745,0,45
1746,0,25
1747,0,25
1748,0,50
1749,0,25
1750,0,50
1751,0,35
1752,0,25
1753,0,35
1754,0,18
1755,1,18
1756,1,25
1757,0,25
1758,1,25
1759,0,25
1760,1,25
1761,0,35
1762,0,25
1763,0,35
1764,0,18
1765,0,18
1766,1,45
1767,0,25
1768,0,45
1769,0,25
1770,0,35
1771,0,25
1772,0,56
1773,0,18
1774,0,25
1775,0,25
1776,0,25
1777,0,25
1778,0,18
1779,0,18
1780,0,35
1781,1,35
1782,0,45
1783,0,18
1784,0,18
1785,0,18
1786,0,45
1787,0,18
1788,0,45
1789,0,1
1790,0,25
1791,0,18
1792,1,25
1793,0,25
1794,0,25
1795,0,18
1796,0,50
1797,0,35
1798,0,45
1799,0,35
1800,0,18
1801,1,25
1802,0,18
1803,0,25
1804,0,25
1805,0,18
1806,0,18
1807,0,18
1808,1,18
1809,1,25
1810,0,50
1811,0,56
1812,1,25
1813,1,35
1814,0,50
1815,0,1
1816,1,35
1817,0,35
1818,0,1
1819,1,35
1820,0,25
1821,0,25
1822,1,25
1823,1,35
1824,1,18
1825,0,25
1826,0,45
1827,1,25
1828,0,18
1829,0,25
1830,0,18
1831,0,18
1832,1,18
1833,0,18
1834,0,35
1835,0,25
1836,0,25
1837,0,25
1838,0,35
1839,0,18
1840,0,25
1841,0,18
1842,0,18
1843,0,25
1844,1,18
1845,0,25
1846,0,45
1847,0,18
1848,0,35
1849,0,35
1850,0,18
1851,0,25
1852,0,25
1853,0,50
1854,0,25
1855,0,18
1856,0,56
1857,0,1
1858,1,18
1859,1,25
1860,0,56
1861,0,50
1862,0,50
1863,0,18
1864,0,35
1865,1,18
1866,0,25
1867,0,50
1868,0,50
1869,0,45
1870,0,56
1871,1,45
1872,0,50
1873,0,35
1874,0,45
1875,0,35
1876,0,25
1877,1,45
1878,0,1
1879,0,25
1880,0,35
1881,0,35
1882,0,35
1883,1,50
1884,0,45
1885,0,50
1886,0,25
1887,0,56
1888,0,35
1889,0,18
1890,0,50
1891,0,45
1892,0,25
1893,1,35
1894,1,35
1895,0,35
1896,0,56
1897,1,50
1898,0,25
1899,1,45
1900,0,56
1901,0,50
1902,0,25
1903,0,35
1904,0,18
1905,1,35
1906,1,25
1907,0,35
1908,0,56
1909,0,18
1910,0,1
1911,1,18
1912,0,25
1913,0,25
1914,1,35
1915,0,50
1916,0,45
1917,0,18
1918,1,45
1919,0,1
1920,1,35
1921,0,56
1922,1,25
1923,0,35
1924,1,56
1925,0,50
1926,1,1
1927,0,35
1928,0,1
1929,1,1
1930,0,25
1931,0,25
1932,0,25
1933,0,18
1934,0,25
1935,0,1
1936,0,35
1937,0,25
1938,1,25
1939,1,35
1940,0,25
1941,0,35
1942,0,35
1943,0,18
1944,1,18
1945,0,25
1946,0,25
1947,0,25
1948,0,1
1949,0,18
1950,0,25
1951,1,18
1952,0,35
1953,1,25
1954,0,25
1955,0,1
1956,0,35
1957,1,18
1958,1,25
1959,1,50
1960,0,45
1961,1,50
1962,1,18
1963,1,50
1964,1,25
1965,0,56
1966,0,25
1967,0,50
1968,0,25
1969,1,25
1970,0,50
1971,1,25
1972,0,45
1973,0,25
1974,0,35
1975,0,18
1976,0,35
1977,0,56
1978,0,1
1979,0,56
1980,0,35
1981,0,56
1982,0,1
1983,0,25
1984,0,18
1985,0,45
1986,0,50
1987,0,25
1988,1,25
1989,0,50
1990,0,25
1991,0,25
1992,0,18
1993,0,35
1994,0,35
1995,0,25
1996,0,35
1997,0,25
1998,1,50
1999,1,35
2000,0,18
2001,0,50
2002,1,56
2003,0,1
2004,0,45
2005,0,18
2006,0,35
2007,0,50
2008,0,25
2009,1,35
2010,0,18
2011,1,35
2012,0,25
2013,0,45
2014,0,18
2015,0,18
2016,1,56
2017,0,25
2018,0,35
2019,0,50
2020,0,25
2021,0,25
2022,0,25
2023,0,18
2024,0,1
2025,0,56
2026,0,50
2027,1,25
2028,0,45
2029,1,25
2030,0,25
2031,0,35
2032,0,50
2033,1,45
2034,1,45
2035,1,18
2036,1,25
2037,0,56
2038,1,45
2039,0,50
2040,1,25
2041,1,25
2042,0,1
2043,0,25
2044,1,45
2045,1,1
2046,0,35
2047,0,1
2048,0,50
2049,1,50
2050,1,35
2051,0,35
2052,0,1
2053,0,45
2054,0,25
2055,0,50
2056,0,25
2057,0,35
2058,1,56
2059,0,35
2060,0,1
2061,0,56
2062,0,18
2063,0,25
2064,0,35
2065,0,25
2066,1,25
2067,0,50
2068,1,35
2069,0,56
2070,1,35
2071,0,45
2072,1,50
2073,1,18
2074,0,18
2075,1,25
2076,0,18
2077,0,18
2078,0,18
2079,0,1
2080,0,25
2081,0,18
2082,0,1
2083,0,18
2084,0,18
2085,0,18
2086,0,35
2087,0,25
2088,0,50
2089,0,35
2090,0,35
2091,1,35
2092,0,56
2093,0,18
2094,0,35
2095,0,56
2096,1,25
2097,0,18
2098,0,35
2099,1,18
2100,1,25
2101,0,25
2102,0,25
2103,0,35
2104,0,45
2105,0,25
2106,1,18
2107,0,25
2108,0,1
2109,0,25
2110,0,50
2111,0,56
2112,1,45
2113,0,25
2114,0,18
2115,0,35
2116,0,18
2117,0,56
2118,0,25
2119,0,35
2120,0,1
2121,0,56
2122,0,35
2123,1,35
2124,0,25
2125,0,35
2126,0,56
2127,0,18
2128,1,45
2129,0,25
2130,0,45
2131,0,25
2132,0,56
2133,1,1
2134,0,18
2135,0,50
2136,0,35
2137,1,1
2138,1,18
2139,1,50
2140,0,45
2141,1,50
2142,1,45
2143,0,18
2144,0,18
2145,0,18
2146,0,18
2147,1,18
2148,1,18
2149,0,25
2150,1,18
2151,0,56
2152,0,18
2153,0,18
2154,0,25
2155,1,1
2156,0,18
2157,1,18
2158,0,25
2159,1,50
2160,1,18
2161,1,35
2162,1,1
2163,0,18
2164,0,35
2165,0,25
2166,0,1
2167,1,25
2168,0,1
2169,0,1
2170,1,50
2171,0,35
2172,0,18
2173,0,50
2174,0,50
2175,0,25
2176,0,1
2177,1,35
2178,0,45
2179,1,25
2180,0,25
2181,0,25
2182,1,25
2183,1,56
2184,0,18
2185,0,45
2186,0,18
2187,0,45
2188,1,18
2189,0,1
2190,1,25
2191,0,18
2192,1,25
2193,0,1
2194,0,25
2195,0,1
2196,0,25
2197,1,25
2198,1,35
2199,0,1
2200,0,35
2201,0,56
2202,1,1
2203,0,45
2204,0,56
2205,1,25
2206,0,45
2207,0,18
2208,0,25
2209,0,35
2210,0,45
2211,0,45
2212,0,18
2213,1,25
2214,1,25
2215,1,25
2216,1,25
2217,0,1
2218,0,35
2219,0,25
2220,1,50
2221,0,56
2222,1,45
2223,0,25
2224,0,25
2225,0,25
2226,1,25
2227,0,50
2228,0,25
2229,0,45
2230,1,45
2231,0,50
2232,0,25
2233,1,35
2234,0,56
2235,0,1
2236,0,1
2237,1,35
2238,1,25
2239,0,18
2240,0,45
2241,0,45
2242,0,18
2243,0,45
2244,0,1
2245,0,1
2246,0,25
2247,0,45
2248,1,35
2249,0,25
2250,0,18
2251,0,35
2252,1,18
2253,1,50
2254,0,35
2255,1,35
2256,1,45
2257,1,18
2258,1,18
2259,1,56
2260,1,25
2261,0,25
2262,0,45
2263,0,25
2264,1,45
2265,0,56
2266,1,50
2267,1,56
2268,1,35
2269,1,45
2270,0,18
2271,0,50
2272,0,25
2273,0,25
2274,0,18
2275,0,56
2276,0,56
2277,1,45
2278,0,50
2279,0,50
2280,0,56
2281,0,45
2282,0,50
2283,0,35
2284,0,25
2285,1,1
2286,0,35
2287,0,56
2288,0,1
2289,1,50
2290,0,25
2291,0,45
2292,0,50
2293,1,56
2294,0,56
2295,0,45
2296,1,25
2297,0,56
2298,0,35
2299,1,18
2300,0,56
2301,1,25
2302,0,50
2303,0,50
2304,0,45
2305,0,50
2306,1,18
2307,0,25
2308,1,45
2309,1,45
2310,0,45
2311,1,25
2312,0,45
2313,1,50
2314,1,25
2315,0,56
2316,0,35
2317,1,45
2318,0,56
2319,0,35
2320,1,50
2321,0,25
2322,1,56
2323,0,35
2324,0,35
2325,1,18
2326,0,18
2327,0,18
2328,0,56
2329,1,56
2330,0,45
2331,0,56
2332,0,56
2333,0,50
2334,1,56
2335,0,50
2336,0,35
2337,0,35
2338,0,45
2339,1,56
2340,0,35
2341,0,56
2342,0,35
2343,1,45
2344,0,25
2345,0,35
2346,1,1
2347,0,35
2348,0,50
2349,0,25
2350,0,18
2351,1,25
2352,0,50
2353,1,35
2354,0,35
2355,1,45
2356,1,50
2357,1,35
2358,1,56
2359,0,56
2360,0,50
2361,0,56
2362,0,25
2363,0,50
2364,1,56
2365,0,50
2366,1,45
2367,1,25
2368,1,56
2369,0,35
2370,0,50
2371,1,35
2372,1,45
2373,0,45
2374,0,25
2375,1,50
2376,0,25
2377,0,35
2378,0,25
2379,0,18
2380,0,25
2381,1,35
2382,0,50
2383,1,25
2384,0,35
2385,1,45
2386,1,25
2387,0,25
2388,0,56
2389,0,25
2390,1,25
2391,0,50
2392,1,56
2393,0,56
2394,0,35
2395,0,35
2396,1,18
2397,1,35
2398,0,25
2399,0,35
2400,1,25
2401,0,25
2402,0,45
2403,0,18
2404,0,18
2405,0,50
2406,1,56
2407,0,35
2408,1,45
2409,1,35
2410,0,56
2411,1,35
2412,0,56
2413,1,56
2414,0,25
2415,0,25
2416,0,45
2417,0,45
2418,1,1
2419,0,25
2420,0,50
2421,0,35
2422,1,50
2423,1,45
2424,0,25
2425,1,35
2426,0,56
2427,1,25
2428,0,45
2429,0,25
2430,0,25
2431,1,25
2432,0,25
2433,0,25
2434,0,25
2435,0,25
2436,0,25
2437,0,25
2438,0,35
2439,0,45
2440,0,50
2441,1,45
2442,0,35
2443,1,35
2444,1,45
2445,0,25
2446,0,18
2447,0,25
2448,0,35
2449,0,56
2450,0,45
2451,0,45
2452,0,45
2453,0,25
2454,0,18
2455,0,35
2456,0,25
2457,0,25
2458,0,25
2459,0,50
2460,1,50
2461,0,18
2462,0,35
2463,0,25
2464,1,18
2465,0,50
2466,0,25
2467,0,1
2468,0,50
2469,0,25
2470,0,35
2471,0,50
2472,0,25
2473,0,25
2474,0,25
2475,1,25
2476,0,50
2477,0,45
2478,0,50
2479,1,25
2480,1,18
2481,0,35
2482,1,50
2483,0,56
2484,0,45
2485,0,35
2486,0,18
2487,0,45
2488,1,45
2489,1,35
2490,0,25
2491,0,35
2492,1,45
2493,0,45
2494,0,18
2495,1,18
2496,0,50
2497,1,50
2498,0,56
2499,0,50
2500,0,56
2501,0,25
2502,0,56
2503,0,35
2504,0,25
2505,0,25
2506,1,25
2507,0,25
2508,1,35
2509,0,25
2510,0,25
2511,0,25
2512,1,45
2513,0,56
2514,0,56
2515,0,45
2516,1,45
2517,1,35
2518,0,25
2519,1,45
2520,1,56
2521,0,35
2522,0,18
2523,0,25
2524,1,56
2525,1,35
2526,0,56
2527,0,35
2528,0,56
2529,1,35
2530,0,18
2531,1,45
2532,1,56
2533,1,25
2534,1,50
2535,1,56
2536,0,56
2537,0,35
2538,0,56
2539,0,35
2540,1,45
2541,1,35
2542,1,45
2543,1,35
2544,0,45
2545,0,56
2546,1,56
2547,1,35
2548,1,35
2549,0,56
2550,0,50
2551,0,25
2552,1,25
2553,0,25
2554,0,25
2555,0,56
2556,0,25
2557,1,18
2558,0,56
2559,0,18
2560,1,45
2561,0,25
2562,0,18
2563,0,45
2564,1,35
2565,0,35
2566,0,35
2567,0,25
2568,0,25
2569,0,45
2570,1,56
2571,0,35
2572,0,35
2573,0,45
2574,0,50
2575,0,35
2576,0,18
2577,0,25
2578,0,50
2579,0,35
2580,1,45
2581,0,25
2582,1,25
2583,0,35
2584,1,56
2585,0,45
2586,0,25
2587,0,35
2588,1,56
2589,0,25
2590,0,18
2591,0,18
2592,0,50
2593,0,56
2594,0,35
2595,0,18
2596,0,50
2597,1,50
2598,0,25
2599,0,25
2600,0,25
2601,0,35
2602,0,45
2603,0,25
2604,0,25
2605,0,35
2606,0,50
2607,1,56
2608,1,25
2609,1,50
2610,0,45
2611,0,25
2612,1,45
2613,0,35
2614,0,25
2615,0,25
2616,0,35
2617,1,45
2618,1,18
2619,0,35
2620,0,18
2621,0,18
2622,1,35
2623,0,56
2624,1,35
2625,0,35
2626,0,56
2627,0,25
2628,1,25
2629,0,25
2630,1,18
2631,1,50
2632,0,56
2633,1,35
2634,0,56
2635,0,35
2636,0,18
2637,1,35
2638,0,25
2639,1,25
2640,0,35
2641,0,25
2642,0,25
2643,0,45
2644,0,18
2645,0,25
2646,0,45
2647,1,35
2648,0,25
2649,0,25
2650,0,45
2651,0,56
2652,0,35
2653,0,25
2654,1,35
2655,0,35
2656,0,56
2657,1,1
2658,0,25
2659,0,35
2660,0,56
2661,0,56
2662,0,25
2663,1,25
2664,0,35
2665,0,35
2666,0,45
2667,1,35
2668,1,25
2669,0,45
2670,0,35
2671,1,35
2672,0,35
2673,0,35
2674,0,25
2675,0,35
2676,0,56
2677,1,35
2678,0,25
2679,1,18
2680,0,25
2681,1,25
2682,0,18
2683,0,35
2684,1,18
2685,0,45
2686,0,25
2687,0,1
2688,0,25
2689,0,25
2690,0,25
2691,0,18
2692,1,18
2693,0,56
2694,0,18
2695,0,35
2696,0,25
2697,1,50
2698,1,25
2699,1,56
2700,0,25
2701,0,45
2702,0,45
2703,0,35
2704,0,56
2705,0,25
2706,1,25
2707,0,56
2708,0,25
2709,1,25
2710,0,35
2711,1,25
2712,1,18
2713,0,25
2714,0,18
2715,1,50
2716,1,50
2717,0,25
2718,1,25
2719,0,25
2720,0,35
2721,0,45
2722,0,35
2723,1,25
2724,1,45
2725,0,35
2726,0,45
2727,0,25
2728,0,35
2729,0,50
2730,0,35
2731,0,35
2732,0,45
2733,0,45
2734,1,18
2735,0,25
2736,0,45
2737,0,25
2738,1,50
2739,1,35
2740,0,45
2741,0,25
2742,0,25
2743,0,25
2744,0,18
2745,1,35
2746,0,50
2747,1,18
2748,0,25
2749,0,25
2750,1,25
2751,1,25
2752,0,25
2753,1,50
2754,0,50
2755,0,35
2756,0,18
2757,0,25
2758,0,56
2759,0,25
2760,0,56
2761,0,35
2762,0,50
2763,1,18
2764,0,25
2765,0,50
2766,0,45
2767,0,25
2768,0,25
2769,0,25
2770,0,35
2771,0,18
2772,0,35
2773,0,35
2774,0,25
2775,1,18
2776,0,25
2777,0,18
2778,0,56
2779,0,35
2780,0,25
2781,0,35
2782,1,18
2783,0,45
2784,0,50
2785,0,56
2786,0,25
2787,0,25
2788,0,56
2789,0,18
2790,0,25
2791,0,56
2792,0,18
2793,0,35
2794,0,25
2795,0,50
2796,0,25
2797,1,25
2798,0,35
2799,0,18
2800,1,18
2801,1,25
2802,0,35
2803,0,25
2804,1,35
2805,0,56
2806,0,1
2807,1,35
2808,0,56
2809,0,25
2810,1,1
2811,0,25
2812,0,25
2813,0,25
2814,0,35
2815,0,35
2816,0,25
2817,0,35
2818,0,25
2819,0,45
2820,1,35
2821,0,18
2822,0,50
2823,0,25
2824,0,18
2825,1,25
2826,0,35
2827,0,25
2828,0,18
2829,0,45
2830,0,35
2831,0,25
2832,0,25
2833,0,25
2834,0,35
2835,0,35
2836,0,25
2837,0,18
2838,0,18
2839,0,25
2840,0,25
2841,0,50
2842,0,35
2843,1,25
2844,0,25
2845,0,25
2846,1,18
2847,0,18
2848,0,25
2849,0,45
2850,0,18
2851,1,25
2852,0,25
2853,0,1
2854,1,18
2855,0,25
2856,0,35
2857,0,25
2858,1,1
2859,0,18
2860,0,35
2861,0,25
2862,0,45
2863,1,25
2864,1,35
2865,1,25
2866,0,25
2867,0,45
2868,0,35
2869,0,50
2870,0,50
2871,1,25
2872,0,25
2873,1,18
2874,1,35
2875,0,25
2876,0,25
2877,0,35
2878,1,50
2879,0,18
2880,0,18
2881,1,25
2882,0,18
2883,0,18
2884,1,50
2885,1,18
2886,0,18
2887,0,25
2888,0,25
2889,0,35
2890,0,35
2891,1,18
2892,0,25
2893,0,25
2894,0,18
2895,0,25
2896,0,18
2897,0,25
2898,0,18
2899,0,35
2900,0,18
2901,0,25
2902,0,25
2903,0,25
2904,0,25
2905,0,35
2906,0,35
2907,1,35
2908,0,18
2909,0,25
2910,0,1
2911,1,25
2912,1,18
2913,1,35
2914,0,25
2915,0,25
2916,0,45
2917,0,25
2918,0,25
2919,0,18
2920,0,25
2921,0,50
2922,0,25
2923,0,35
2924,1,18
2925,1,25
2926,1,18
2927,0,25
2928,0,25
2929,0,18
2930,0,50
2931,0,18
2932,0,25
2933,0,35
2934,1,35
2935,0,25
2936,1,18
2937,1,18
2938,1,25
2939,1,25
2940,0,25
2941,0,35
2942,1,50
2943,0,35
2944,1,18
2945,1,35
2946,0,35
2947,1,25
2948,0,18
2949,0,25
2950,0,18
2951,1,35
2952,0,25
2953,0,25
2954,0,18
2955,0,35
2956,0,25
2957,0,18
2958,0,25
2959,0,35
2960,0,18
2961,0,50
2962,0,35
2963,1,18
2964,0,25
2965,1,35
2966,1,25
2967,0,25
2968,1,18
2969,0,25
2970,0,18
2971,0,25
2972,0,25
2973,1,18
2974,0,18
2975,0,35
2976,0,18
2977,1,18
2978,0,35
2979,0,35
2980,0,45
2981,0,45
2982,0,25
2983,0,18
2984,0,25
2985,0,18
2986,0,25
2987,0,18
2988,1,18
2989,0,35
2990,0,35
2991,0,50
2992,0,18
2993,0,18
2994,0,35
2995,0,25
2996,0,18
2997,1,35
2998,1,25
2999,0,25
3000,0,25
3001,0,18
3002,0,45
3003,0,18
3004,1,18
3005,0,25
3006,0,18
3007,0,35
3008,0,18
3009,1,35
3010,0,25
3011,0,25
3012,0,25
3013,0,45
3014,0,35
3015,0,56
3016,0,18
3017,1,35
3018,0,35
3019,0,50
3020,1,35
3021,1,45
3022,0,25
3023,1,25
3024,0,35
3025,1,35
3026,1,18
3027,0,18
3028,0,1
3029,0,18
3030,0,35
3031,0,18
3032,0,25
3033,0,18
3034,1,18
3035,1,25
3036,0,56
3037,1,25
3038,1,35
3039,1,50
3040,0,25
3041,0,25
3042,0,56
3043,0,18
3044,0,35
3045,0,45
3046,0,1
3047,1,25
3048,0,18
3049,1,50
3050,0,35
3051,0,18
3052,0,35
3053,1,25
3054,0,18
3055,1,25
3056,0,25
3057,1,25
3058,0,18
3059,0,35
3060,1,35
3061,0,45
3062,0,18
3063,0,18
3064,0,35
3065,1,18
3066,0,18
3067,1,25
3068,1,35
3069,0,18
3070,1,18
3071,0,25
3072,0,50
3073,0,25
3074,0,25
3075,1,25
3076,0,35
3077,0,18
3078,1,35
3079,1,25
3080,0,25
3081,0,25
3082,1,35
3083,1,50
3084,0,25
3085,0,25
3086,0,18
3087,1,1
3088,1,25
3089,0,45
3090,0,25
3091,1,25
3092,0,35
3093,1,45
3094,0,35
3095,1,25
3096,1,45
3097,1,25
3098,0,25
3099,0,25
3100,1,25
3101,0,18
3102,0,25
3103,0,25
3104,0,18
3105,0,35
3106,0,25
3107,0,25
3108,0,50
3109,1,25
3110,0,25
3111,0,18
3112,0,18
3113,0,25
3114,0,18
3115,0,35
3116,0,25
3117,0,35
3118,0,25
3119,0,45
3120,0,18
3121,0,25
3122,1,25
3123,0,25
3124,0,25
3125,0,25
3126,0,25
3127,1,25
3128,0,18
3129,0,25
3130,0,25
3131,1,25
3132,0,35
3133,0,18
3134,0,18
3135,0,25
3136,1,25
3137,0,25
3138,0,35
3139,0,56
3140,1,25
3141,0,25
3142,0,25
3143,1,50
3144,1,25
3145,0,18
3146,0,25
3147,0,25
3148,0,18
3149,0,18
3150,1,25
3151,1,25
3152,0,18
3153,1,25
3154,1,25
3155,0,25
3156,0,35
3157,0,25
3158,0,25
3159,1,25
3160,0,25
3161,0,25
3162,0,25
3163,0,18
3164,0,18
3165,0,35
3166,0,18
3167,0,25
3168,1,35
3169,0,50
3170,0,25
3171,1,50
3172,0,18
3173,0,25
3174,1,18
3175,0,35
3176,0,25
3177,1,25
3178,1,35
3179,1,18
3180,0,25
3181,0,25
3182,0,25
3183,0,50
3184,1,25
3185,0,18
3186,0,50
3187,0,35
3188,0,56
3189,0,25
3190,0,1
3191,0,25
3192,0,18
3193,0,25
3194,0,25
3195,0,18
3196,1,18
3197,1,18
3198,0,25
3199,0,18
3200,1,25
3201,0,45
3202,1,18
3203,0,35
3204,0,45
3205,1,35
3206,0,18
3207,0,35
3208,0,25
3209,0,25
3210,1,45
3211,0,50
3212,1,25
3213,1,25
3214,1,56
3215,1,50
3216,0,35
3217,1,35
3218,0,56
3219,1,18
3220,0,35
3221,0,25
3222,0,35
3223,0,25
3224,1,25
3225,0,18
3226,0,35
3227,1,25
3228,0,25
3229,1,56
3230,0,35
3231,0,25
3232,0,35
3233,0,50
3234,1,1
3235,0,18
3236,0,18
3237,0,35
3238,0,35
3239,1,25
3240,0,18
3241,1,50
3242,0,50
3243,0,25
3244,1,18
3245,0,18
3246,1,35
3247,0,35
3248,1,25
3249,1,25
3250,0,25
3251,0,35
3252,0,50
3253,1,35
3254,1,35
3255,1,25
3256,0,25
3257,0,25
3258,0,45
3259,1,18
3260,0,25
3261,0,45
3262,0,25
3263,0,50
3264,1,25
3265,0,25
3266,1,25
3267,0,25
3268,0,25
3269,1,18
3270,0,18
3271,1,35
3272,0,35
3273,0,35
3274,0,25
3275,0,35
3276,0,25
3277,0,25
3278,0,35
3279,0,45
3280,0,25
3281,0,25
3282,0,45
3283,0,35
3284,0,25
3285,0,25
3286,1,35
3287,0,56
3288,0,25
3289,0,45
3290,0,25
3291,1,25
3292,1,50
3293,0,45
3294,0,18
3295,0,18
3296,0,18
3297,0,18
3298,0,1
3299,1,25
3300,0,35
3301,1,25
3302,0,25
3303,0,56
3304,1,45
3305,0,56
3306,0,45
3307,0,50
3308,1,18
3309,0,25
3310,0,45
3311,0,25
3312,1,18
3313,0,35
3314,0,25
3315,0,25
3316,0,1
3317,0,25
3318,0,56
3319,1,56
3320,0,25
3321,0,35
3322,1,18
3323,0,35
3324,0,35
3325,1,35
3326,0,45
3327,0,18
3328,0,56
3329,0,50
3330,1,35
3331,1,25
3332,0,25
3333,0,18
3334,0,35
3335,0,25
3336,0,35
3337,0,25
3338,0,45
3339,0,25
3340,0,45
3341,0,25
3342,1,25
3343,1,18
3344,0,35
3345,0,25
3346,0,35
3347,1,35
3348,0,45
3349,1,18
3350,1,18
3351,1,18
3352,0,35
3353,0,35
3354,0,25
3355,0,25
3356,0,35
3357,0,25
3358,1,25
3359,0,25
3360,1,25
3361,0,25
3362,1,25
3363,1,35
3364,0,56
3365,0,50
3366,0,35
3367,0,50
3368,0,25
3369,0,45
3370,0,18
3371,0,25
3372,0,56
3373,0,18
3374,0,35
3375,0,25
3376,0,35
3377,0,25
3378,0,18
3379,0,35
3380,0,50
3381,0,25
3382,1,1
3383,0,56
3384,0,35
3385,1,25
3386,0,18
3387,0,18
3388,1,25
3389,0,18
3390,1,45
3391,0,18
3392,0,50
3393,0,35
3394,0,35
3395,0,25
3396,0,25
3397,0,25
3398,0,18
3399,0,25
3400,0,25
3401,0,35
3402,0,35
3403,0,35
3404,0,25
3405,0,35
3406,1,25
3407,1,45
3408,0,25
3409,0,25
3410,0,35
3411,0,18
3412,0,25
3413,1,25
3414,0,25
3415,0,35
3416,0,25
3417,1,18
3418,1,18
3419,0,45
3420,1,25
3421,0,45
3422,0,25
3423,0,25
3424,0,25
3425,0,18
3426,0,25
3427,0,25
3428,0,45
3429,1,25
3430,1,45
3431,1,45
3432,0,25
3433,0,18
3434,0,18
3435,0,45
3436,0,35
3437,1,25
3438,1,25
3439,0,18
3440,0,56
3441,1,25
3442,0,18
3443,1,35
3444,0,50
3445,1,35
3446,0,25
3447,0,25
3448,1,18
3449,0,25
3450,0,25
3451,1,25
3452,0,25
3453,0,35
3454,0,18
3455,1,25
3456,0,25
3457,0,25
3458,0,45
3459,0,18
3460,0,1
3461,0,35
3462,1,25
3463,0,25
3464,1,25
3465,0,25
3466,0,25
3467,0,25
3468,0,25
3469,0,45
3470,0,35
3471,0,18
3472,0,25
3473,1,35
3474,0,35
3475,0,25
3476,0,50
3477,1,50
3478,0,25
3479,0,18
3480,0,25
3481,0,18
3482,0,50
3483,1,45
3484,0,18
3485,0,25
3486,1,18
3487,0,18
3488,0,45
3489,0,18
3490,0,25
3491,0,25
3492,0,35
3493,0,25
3494,0,25
3495,0,18
3496,0,35
3497,1,35
3498,0,25
3499,0,25
3500,0,35
3501,1,35
3502,1,18
3503,0,18
3504,0,18
3505,1,25
3506,0,18
3507,0,25
3508,0,18
3509,0,18
3510,1,18
3511,0,50
3512,0,18
3513,0,25
3514,0,18
3515,0,35
3516,0,18
3517,0,18
3518,1,18
3519,1,25
3520,0,25
3521,0,25
3522,0,18
3523,0,35
3524,1,25
3525,1,18
3526,0,35
3527,0,25
3528,0,35
3529,1,45
3530,0,25
3531,1,25
3532,1,35
3533,0,25
3534,0,35
3535,0,45
3536,0,18
3537,0,1
3538,0,35
3539,1,25
3540,0,18
3541,0,25
3542,0,25
3543,0,25
3544,1,25
3545,0,35
3546,0,25
3547,0,35
3548,0,45
3549,1,35
3550,0,25
3551,1,56
3552,1,35
3553,0,35
3554,0,25
3555,0,56
3556,0,25
3557,0,18
3558,0,18
3559,0,18
3560,1,25
3561,0,35
3562,1,25
3563,0,25
3564,0,25
3565,0,25
3566,0,45
3567,0,25
3568,0,25
3569,1,18
3570,0,35
3571,0,18
3572,0,35
3573,0,1
3574,1,35
3575,0,25
3576,0,50
3577,1,56
3578,0,50
3579,0,18
3580,1,18
3581,0,18
3582,1,35
3583,1,25
3584,0,18
3585,0,35
3586,0,35
3587,0,35
3588,0,25
3589,1,45
3590,1,18
3591,0,35
3592,1,56
3593,1,25
3594,0,1
3595,0,25
3596,1,35
3597,0,25
3598,0,56
3599,0,25
3600,0,35
3601,1,35
3602,0,25
3603,1,35
3604,1,1
3605,0,18
3606,1,25
3607,0,35
3608,1,35
3609,1,25
3610,0,18
3611,0,25
3612,0,25
3613,0,25
3614,0,25
3615,0,25
3616,0,45
3617,0,35
3618,0,56
3619,0,50
3620,0,25
3621,0,18
3622,0,18
3623,0,35
3624,0,25
3625,0,18
3626,0,25
3627,1,35
3628,0,25
3629,1,50
3630,0,18
3631,0,18
3632,0,50
3633,0,35
3634,0,50
3635,0,50
3636,0,25
3637,0,25
3638,0,25
3639,0,18
3640,0,35
3641,0,25
3642,1,25
3643,0,25
3644,1,25
3645,0,35
3646,0,35
3647,0,25
3648,0,18
3649,1,25
3650,0,25
3651,0,25
3652,0,25
3653,0,18
3654,0,25
3655,1,25
3656,1,45
3657,0,18
3658,1,25
3659,0,18
3660,0,35
3661,0,35
3662,0,35
3663,1,35
3664,1,35
3665,0,25
3666,0,45
3667,1,1
3668,1,45
3669,0,25
3670,0,45
3671,0,25
3672,0,35
3673,0,25
3674,0,25
3675,0,35
3676,1,35
3677,1,25
3678,0,25
3679,0,25
3680,1,25
3681,0,25
3682,1,50
3683,0,25
3684,0,25
3685,0,25
3686,0,25
3687,1,50
3688,0,18
3689,0,25
3690,0,18
3691,0,25
3692,0,35
3693,0,25
3694,0,25
3695,0,25
3696,0,35
3697,0,25
3698,0,25
3699,1,56
3700,0,25
3701,0,35
3702,0,35
3703,0,18
3704,1,35
3705,0,45
3706,0,25
3707,1,18
3708,0,56
3709,0,25
3710,0,1
3711,0,35
3712,0,25
3713,1,25
3714,0,25
3715,0,18
3716,0,18
3717,0,35
3718,0,50
3719,0,25
3720,0,45
3721,0,25
3722,0,25
3723,0,25
3724,0,35
3725,0,18
3726,0,25
3727,0,35
3728,0,18
3729,0,18
3730,0,25
3731,0,25
3732,0,25
3733,0,18
3734,0,18
3735,0,25
3736,0,35
3737,0,25
3738,0,45
3739,0,56
3740,0,18
3741,0,25
3742,0,25
3743,1,35
3744,0,25
3745,1,25
3746,0,25
3747,0,45
3748,0,18
3749,1,25
3750,1,18
3751,1,35
3752,1,18
3753,0,25
3754,0,56
3755,1,50
3756,0,18
3757,0,25
3758,1,35
3759,0,35
3760,0,50
3761,0,25
3762,0,50
3763,0,25
3764,0,25
3765,1,50
3766,1,18
3767,0,25
3768,0,25
3769,0,25
3770,1,35
3771,0,25
3772,0,35
3773,0,35
3774,0,25
3775,0,35
3776,1,25
3777,0,18
3778,0,25
3779,1,45
3780,0,1
3781,1,56
3782,1,25
3783,0,25
3784,1,25
3785,1,25
3786,1,25
3787,1,25
3788,1,18
3789,1,25
3790,1,25
3791,0,50
3792,0,25
3793,0,18
3794,1,18
3795,1,18
3796,0,45
3797,0,25
3798,0,25
3799,0,18
3800,0,18
3801,0,18
3802,0,18
3803,1,35
3804,0,25
3805,1,35
3806,0,18
3807,1,35
3808,0,25
3809,0,35
3810,0,50
3811,0,25
3812,0,35
3813,0,35
3814,0,25
3815,0,25
3816,1,25
3817,0,35
3818,0,45
3819,0,25
3820,0,25
3821,0,25
3822,0,45
3823,0,56
3824,0,25
3825,0,18
3826,0,25
3827,0,50
3828,0,25
3829,1,25
3830,0,18
3831,1,18
3832,1,25
3833,0,25
3834,0,18
3835,0,25
3836,1,50
3837,0,25
3838,1,25
3839,0,50
3840,1,25
3841,0,45
3842,1,35
3843,1,1
3844,0,18
3845,0,25
3846,0,35
3847,0,25
3848,0,25
3849,0,35
3850,0,18
3851,0,25
3852,0,50
3853,0,25
3854,0,25
3855,0,25
3856,1,35
3857,0,18
3858,1,45
3859,0,25
3860,0,45
3861,0,18
3862,0,25
3863,0,25
3864,0,50
3865,1,1
3866,0,45
3867,0,35
3868,0,18
3869,0,18
3870,0,25
3871,0,18
3872,0,25
3873,1,45
3874,0,25
3875,0,25
3876,0,25
3877,0,45
3878,0,35
3879,0,25
3880,0,25
3881,0,18
3882,0,56
3883,0,50
3884,0,18
3885,0,25
3886,0,35
3887,0,18
3888,0,45
3889,0,45
3890,0,18
3891,1,56
3892,0,25
3893,0,25
3894,0,35
3895,1,35
3896,0,35
3897,0,56
3898,0,45
3899,0,25
3900,1,25
3901,0,18
3902,0,25
3903,0,25
3904,0,1
3905,0,25
3906,0,50
3907,1,18
3908,0,25
3909,0,18
3910,0,25
3911,0,18
3912,0,25
3913,0,18
3914,0,35
3915,1,35
3916,0,25
3917,1,35
3918,0,25
3919,0,45
3920,0,35
3921,0,25
3922,0,18
3923,0,35
3924,0,50
3925,0,25
3926,0,25
3927,1,25
3928,0,25
3929,0,25
3930,0,56
3931,0,25
3932,0,25
3933,1,35
3934,0,25
3935,0,35
3936,1,35
3937,0,56
3938,0,25
3939,0,45
3940,0,35
3941,0,45
3942,0,18
3943,1,35
3944,1,35
3945,1,45
3946,1,25
3947,0,25
3948,1,45
3949,0,45
3950,0,25
3951,1,18
3952,1,45
3953,0,25
3954,0,18
3955,0,35
3956,0,25
3957,0,35
3958,0,45
3959,1,45
3960,1,35
3961,0,25
3962,1,56
3963,0,50
3964,0,56
3965,0,18
3966,0,25
3967,1,18
3968,0,25
3969,0,56
3970,1,25
3971,1,18
3972,1,25
3973,0,25
3974,0,35
3975,1,25
3976,1,25
3977,0,35
3978,0,35
3979,1,50
3980,0,25
3981,1,45
3982,0,56
3983,0,25
3984,0,25
3985,0,45
3986,0,25
3987,1,18
3988,1,25
3989,0,50
3990,0,25
3991,0,25
3992,0,25
3993,0,25
3994,0,50
3995,0,35
3996,0,18
3997,0,35
3998,0,45
3999,0,35
4000,0,35
4001,1,25
4002,0,45
4003,0,56
4004,0,50
4005,0,35
4006,0,1
4007,0,35
4008,0,18
4009,0,18
4010,0,25
4011,0,25
4012,0,18
4013,0,25
4014,0,25
4015,1,45
4016,0,50
4017,0,25
4018,1,45
4019,0,35
4020,0,25
4021,0,50
4022,0,35
4023,1,35
4024,0,25
4025,1,56
4026,0,25
4027,1,25
4028,0,25
4029,1,56
4030,0,35
4031,0,25
4032,0,25
4033,0,25
4034,0,25
4035,0,18
4036,0,25
4037,0,50
4038,0,50
4039,0,25
4040,0,25
4041,0,18
4042,0,35
4043,1,25
4044,1,35
4045,0,56
4046,0,45
4047,0,18
4048,1,35
4049,0,45
4050,0,35
4051,0,18
4052,0,25
4053,0,25
4054,0,35
4055,0,50
4056,0,1
4057,0,35
4058,0,25
4059,0,25
4060,0,25
4061,0,50
4062,0,25
4063,1,35
4064,0,45
4065,1,45
4066,0,25
4067,0,45
4068,0,56
4069,0,35
4070,0,25
4071,0,25
4072,0,50
4073,0,25
4074,0,35
4075,0,25
4076,0,25
4077,1,35
4078,0,25
4079,0,35
4080,0,35
4081,0,18
4082,0,25
4083,0,56
4084,0,56
4085,1,25
4086,1,1
4087,0,1
4088,0,25
4089,0,25
4090,0,56
4091,0,25
4092,1,25
4093,0,25
4094,0,25
4095,0,25
4096,0,25
4097,0,25
4098,0,35
4099,0,35
4100,0,56
4101,0,18
4102,0,1
4103,0,18
4104,0,18
4105,0,50
4106,0,25
4107,1,25
4108,0,35
4109,0,35
4110,1,45
4111,0,25
4112,0,45
4113,0,35
4114,0,35
4115,0,25
4116,0,35
4117,0,18
4118,0,25
4119,0,50
4120,0,25
4121,0,45
4122,0,18
4123,1,25
4124,0,25
4125,0,35
4126,0,25
4127,0,50
4128,0,35
4129,0,56
4130,0,35
4131,0,45
4132,0,25
4133,0,45
4134,1,45
4135,0,1
4136,0,50
4137,0,25
4138,0,25
4139,0,56
4140,0,25
4141,0,35
4142,0,56
4143,1,25
4144,0,18
4145,1,50
4146,0,35
4147,1,50
4148,1,35
4149,0,35
4150,0,25
4151,0,45
4152,0,25
4153,0,50
4154,0,25
4155,0,50
4156,0,56
4157,0,50
4158,1,1
4159,1,50
4160,0,35
4161,0,45
4162,1,25
4163,0,56
4164,0,35
4165,1,25
4166,1,25
4167,0,25
4168,1,45
4169,0,50
4170,0,45
4171,0,56
4172,0,35
4173,1,18
4174,1,35
4175,0,35
4176,0,45
4177,0,35
4178,1,50
4179,1,35
4180,0,56
4181,1,25
4182,0,25
4183,0,25
4184,0,50
4185,0,25
4186,0,25
4187,1,56
4188,0,50
4189,0,35
4190,0,45
4191,1,45
4192,0,35
4193,0,56
4194,0,18
4195,1,56
4196,0,35
4197,1,45
4198,0,18
4199,1,25
4200,0,45
4201,1,25
4202,0,25
4203,0,25
4204,0,35
4205,1,25
4206,1,35
4207,0,35
4208,1,35
4209,0,56
4210,0,25
4211,0,45
4212,0,56
4213,0,35
4214,1,25
4215,0,25
4216,0,25
4217,0,18
4218,0,50
4219,0,35
4220,0,35
4221,0,35
4222,1,45
4223,1,35
4224,1,45
4225,1,25
4226,1,35
4227,0,25
4228,0,50
4229,0,35
4230,0,56
4231,1,50
4232,1,35
4233,0,35
4234,1,45
4235,0,50
4236,1,25
4237,0,25
4238,0,35
4239,0,50
4240,0,35
4241,0,35
4242,0,50
4243,0,56
4244,0,35
4245,0,50
4246,1,35
4247,0,25
4248,0,25
4249,1,18
4250,1,50
4251,0,45
4252,1,35
4253,0,45
4254,0,25
4255,0,50
4256,1,1
4257,0,50
4258,0,25
4259,0,35
4260,0,25
4261,1,35
4262,1,35
4263,0,25
4264,0,45
4265,0,25
4266,0,56
4267,0,35
4268,1,45
4269,0,35
4270,0,45
4271,0,35
4272,0,45
4273,0,45
4274,1,45
4275,1,45
4276,1,45
4277,0,35
4278,1,45
4279,0,25
4280,0,35
4281,0,56
4282,0,35
4283,1,25
4284,0,50
4285,0,35
4286,0,35
4287,0,25
4288,1,25
4289,0,35
4290,0,25
4291,0,35
4292,0,25
4293,1,45
4294,0,1
4295,0,18
4296,0,56
4297,0,45
4298,1,18
4299,1,25
4300,1,18
4301,0,35
4302,0,50
4303,0,25
4304,0,18
4305,1,45
4306,0,45
4307,0,25
4308,0,25
4309,0,25
4310,0,25
4311,0,50
4312,0,25
4313,1,25
4314,0,25
4315,0,18
4316,0,25
4317,1,35
4318,0,25
4319,0,35
4320,0,25
4321,0,45
4322,1,50
4323,0,18
4324,0,25
4325,0,25
4326,1,45
4327,0,35
4328,0,50
4329,1,25
4330,1,45
4331,0,35
4332,1,25
4333,0,50
4334,0,25
4335,0,35
4336,1,25
4337,0,18
4338,1,18
4339,0,25
4340,1,25
4341,0,35
4342,0,25
4343,0,25
4344,0,25
4345,1,25
4346,0,18
4347,1,18
4348,0,45
4349,0,18
4350,0,18
4351,0,25
4352,0,18
4353,0,25
4354,0,35
4355,0,50
4356,0,35
4357,1,35
4358,0,35
4359,0,18
4360,1,25
4361,0,35
4362,0,25
4363,0,35
4364,0,25
4365,1,50
4366,0,18
4367,0,35
4368,0,18
4369,0,50
4370,0,25
4371,1,18
4372,0,35
4373,0,50
4374,0,18
4375,1,25
4376,1,25
4377,0,25
4378,0,18
4379,0,25
4380,1,25
4381,0,25
4382,0,25
4383,1,18
4384,0,25
4385,0,25
4386,0,25
4387,1,18
4388,0,45
4389,0,25
4390,0,25
4391,1,18
4392,0,18
4393,0,18
4394,0,25
4395,0,50
4396,0,18
4397,0,18
4398,1,18
4399,1,18
4400,1,18
4401,0,18
4402,1,18
4403,0,25
4404,0,25
4405,0,25
4406,0,25
4407,0,18
4408,1,45
4409,0,25
4410,0,18
4411,0,18
4412,0,18
4413,0,1
4414,0,25
4415,0,18
4416,0,18
4417,0,25
4418,1,50
4419,1,45
4420,0,25
4421,0,45
4422,0,25
4423,0,18
4424,0,25
4425,0,35
4426,0,45
4427,0,18
4428,0,25
4429,0,25
4430,1,25
4431,0,1
4432,0,25
4433,0,25
4434,1,35
4435,0,25
4436,0,25
4437,1,35
4438,0,50
4439,0,35
4440,0,35
4441,0,18
4442,0,50
4443,0,56
4444,1,25
4445,0,25
4446,0,18
4447,0,45
4448,0,25
4449,0,25
4450,0,25
4451,0,25
4452,1,25
4453,0,35
4454,0,25
4455,0,35
4456,1,35
4457,0,35
4458,1,25
4459,0,25
4460,0,25
4461,0,25
4462,1,25
4463,0,50
4464,1,50
4465,0,18
4466,0,35
4467,1,50
4468,1,35
4469,1,45
4470,0,35
4471,0,25
4472,1,45
4473,0,35
4474,0,35
4475,0,18
4476,0,45
4477,0,25
4478,0,1
4479,0,50
4480,0,25
4481,0,25
4482,1,35
4483,1,25
4484,1,25
4485,0,25
4486,0,35
4487,0,25
4488,0,35
4489,0,18
4490,0,35
4491,0,18
4492,0,56
4493,1,1
4494,0,45
4495,0,18
4496,0,45
4497,0,50
4498,0,50
4499,0,25
4500,0,50
4501,0,25
4502,0,50
4503,0,56
4504,1,25
4505,0,50
4506,0,50
4507,0,18
4508,0,25
4509,0,25
4510,0,45
4511,0,35
4512,0,25
4513,0,56
4514,0,18
4515,0,56
4516,0,18
4517,1,18
4518,0,25
4519,0,50
4520,0,25
4521,0,35
4522,0,45
4523,0,18
4524,0,25
4525,0,25
4526,0,25
4527,0,18
4528,0,25
4529,0,35
4530,1,35
4531,0,18
4532,0,25
4533,0,25
4534,0,18
4535,0,18
4536,0,18
4537,1,45
4538,0,25
4539,0,35
4540,1,25
4541,0,1
4542,0,35
4543,0,25
4544,0,56
4545,0,25
4546,0,25
4547,0,18
4548,0,18
4549,1,1
4550,0,18
4551,0,18
4552,0,25
4553,1,35
4554,1,25
4555,1,18
4556,0,45
4557,0,25
4558,0,35
4559,0,25
4560,0,25
4561,1,25
4562,0,35
4563,1,25
4564,0,35
4565,0,35
4566,0,35
4567,0,18
4568,1,25
4569,0,25
4570,0,45
4571,0,35
4572,1,1
4573,0,50
4574,0,25
4575,1,1
4576,1,25
4577,0,35
4578,0,25
4579,1,18
4580,1,56
4581,0,25
4582,1,25
4583,0,50
4584,1,45
4585,0,35
4586,0,25
4587,0,35
4588,1,25
4589,0,25
4590,1,18
4591,0,25
4592,0,18
4593,1,45
4594,0,35
4595,0,25
4596,1,18
4597,1,25
4598,1,35
4599,1,35
4600,0,25
4601,0,35
4602,0,35
4603,1,35
4604,0,25
4605,0,25
4606,1,1
4607,0,25
4608,1,25
4609,1,25
4610,1,25
4611,1,18
4612,1,18
4613,0,25
4614,1,45
4615,0,25
4616,0,25
4617,1,25
4618,0,25
4619,1,25
4620,1,18
4621,0,25
4622,0,25
4623,0,25
4624,0,25
4625,0,25
4626,0,25
4627,0,56
4628,1,56
4629,1,18
4630,1,25
4631,0,18
4632,0,25
4633,0,1
4634,0,50
4635,0,18
4636,0,18
4637,1,35
4638,0,25
4639,0,35
4640,0,25
4641,0,25
4642,0,25
4643,0,25
4644,0,50
4645,1,50
4646,1,25
4647,0,35
4648,0,18
4649,0,56
4650,0,25
4651,1,45
4652,1,25
4653,0,35
4654,0,35
4655,1,25
4656,0,25
4657,0,45
4658,0,25
4659,1,25
4660,1,18
4661,0,45
4662,1,18
4663,0,25
4664,1,45
4665,0,35
4666,0,35
4667,0,25
4668,0,35
4669,0,35
4670,0,35
4671,0,25
4672,0,56
4673,0,35
4674,1,35
4675,1,18
4676,0,45
4677,0,50
4678,0,35
4679,0,56
4680,0,35
4681,1,35
4682,0,25
4683,0,25
4684,1,25
4685,0,35
4686,0,18
4687,0,35
4688,0,25
4689,0,18
4690,1,1
4691,1,45
4692,1,25
4693,0,18
4694,0,56
4695,0,18
4696,0,18
4697,0,18
4698,1,25
4699,1,18
4700,1,18
4701,0,45
4702,0,25
4703,0,25
4704,0,18
4705,1,18
4706,0,25
4707,0,1
4708,0,25
4709,0,45
4710,1,35
4711,0,25
4712,0,35
4713,0,25
4714,0,50
4715,0,25
4716,1,25
4717,0,45
4718,0,35
4719,1,35
4720,0,25
4721,0,35
4722,0,35
4723,0,35
4724,1,56
4725,0,35
4726,1,35
4727,1,56
4728,0,25
4729,0,50
4730,0,50
4731,0,25
4732,0,25
4733,0,18
4734,0,50
4735,0,45
4736,0,18
4737,0,35
4738,0,56
4739,0,25
4740,1,25
4741,0,35
4742,0,25
4743,0,56
4744,0,50
4745,1,18
4746,0,50
4747,0,18
4748,0,45
4749,0,45
4750,1,25
4751,0,50
4752,1,18
4753,0,56
4754,1,18
4755,1,56
4756,0,56
4757,0,35
4758,1,56
4759,1,50
4760,0,35
4761,0,18
4762,1,25
4763,0,56
4764,0,1
4765,1,35
4766,0,35
4767,1,35
4768,0,25
4769,0,25
4770,1,35
4771,1,25
4772,0,56
4773,0,45
4774,0,45
4775,0,25
4776,1,25
4777,0,25
4778,0,25
4779,0,45
4780,0,25
4781,1,50
4782,0,45
4783,0,25
4784,1,35
4785,1,25
4786,0,45
4787,0,1
4788,0,35
4789,0,35
4790,1,25
4791,0,18
4792,1,50
4793,1,25
4794,1,35
4795,0,45
4796,0,35
4797,1,35
4798,0,25
4799,1,18
4800,0,18
4801,0,25
4802,0,56
4803,1,25
4804,1,35
4805,0,35
4806,0,25
4807,0,1
4808,0,35
4809,1,50
4810,0,18
4811,0,35
4812,0,18
4813,1,35
4814,0,18
4815,1,50
4816,1,45
4817,0,25
4818,1,25
4819,0,35
4820,0,50
4821,0,18
4822,1,35
4823,0,18
4824,0,25
4825,0,25
4826,0,45
4827,0,35
4828,1,18
4829,0,25
4830,0,1
4831,1,25
4832,0,25
4833,0,35
4834,1,45
4835,0,25
4836,1,45
4837,0,25
4838,0,45
4839,1,50
4840,1,45
4841,0,25
4842,1,35
4843,0,56
4844,0,45
4845,1,25
4846,1,25
4847,0,25
4848,1,35
4849,1,18
4850,1,45
4851,0,18
4852,0,35
4853,0,25
4854,1,50
4855,0,25
4856,0,25
4857,0,25
4858,0,25
4859,1,18
4860,0,25
4861,0,25
4862,0,25
4863,1,25
4864,0,18
4865,1,35
4866,0,56
4867,0,25
4868,0,35
4869,1,45
4870,1,35
4871,0,18
4872,0,45
4873,0,56
4874,1,25
4875,0,35
4876,1,35
4877,0,25
4878,0,50
4879,0,25
4880,1,45
4881,0,45
4882,0,45
4883,1,1
4884,0,35
4885,0,56
4886,1,35
4887,0,18
4888,1,56
4889,0,18
4890,1,25
4891,0,35
4892,0,25
4893,0,25
4894,0,35
4895,1,25
4896,0,35
4897,0,35
4898,0,25
4899,0,25
4900,0,25
4901,0,25
4902,0,35
4903,0,35
4904,0,50
4905,1,45
4906,0,50
4907,1,50
4908,0,35
4909,1,35
4910,0,18
4911,1,25
4912,1,50
4913,1,25
4914,1,25
4915,0,25
4916,0,18
4917,0,45
4918,1,18
4919,0,18
4920,0,35
4921,1,25
4922,0,18
4923,0,45
4924,1,35
4925,1,35
4926,0,1
4927,0,45
4928,1,25
4929,0,45
4930,0,50
4931,0,50
4932,0,25
4933,0,25
4934,1,25
4935,0,35
4936,1,18
4937,0,35
4938,1,18
4939,0,25
4940,1,50
4941,0,56
4942,0,45
4943,1,50
4944,0,50
4945,0,50
4946,1,35
4947,0,35
4948,0,45
4949,0,18
4950,0,25
4951,1,35
4952,1,25
4953,0,35
4954,0,45
4955,0,56
4956,0,35
4957,0,25
4958,0,18
4959,0,25
4960,0,56
4961,0,25
4962,0,25
4963,0,45
4964,0,35
4965,0,1
4966,0,50
4967,0,18
4968,1,50
4969,0,18
4970,1,25
4971,0,35
4972,0,35
4973,1,56
4974,0,35
4975,0,35
4976,0,25
4977,0,25
4978,0,35
4979,0,35
4980,0,25
4981,0,50
4982,0,25
4983,1,45
4984,0,35
4985,0,35
4986,0,18
4987,1,56
4988,0,25
4989,0,25
4990,1,25
4991,1,56
4992,1,25
4993,0,45
4994,0,45
4995,0,50
4996,0,35
4997,0,1
4998,1,18
4999,1,56
5000,0,25
5001,1,25
5002,0,25
5003,0,35
5004,1,56
5005,0,45
5006,0,35
5007,1,18
5008,0,25
5009,1,45
5010,0,45
5011,0,18
5012,0,50
5013,0,18
5014,0,45
5015,0,35
5016,1,35
5017,0,35
5018,1,56
5019,0,25
5020,1,56
5021,0,50
5022,0,35
5023,0,35
5024,1,45
5025,0,25
5026,0,25
5027,1,25
5028,0,25
5029,0,25
5030,0,18
5031,1,25
5032,0,18
5033,1,56
5034,1,25
5035,1,25
5036,0,35
5037,0,35
5038,0,25
5039,1,35
5040,0,45
5041,1,45
5042,1,18
5043,1,18
5044,1,35
5045,0,35
5046,0,25
5047,0,45
5048,1,35
5049,0,25
5050,1,18
5051,1,50
5052,0,35
5053,0,25
5054,0,35
5055,1,35
5056,0,45
5057,0,50
5058,0,56
5059,0,45
5060,0,45
5061,1,18
5062,0,50
5063,1,1
5064,0,18
5065,0,25
5066,1,25
5067,0,56
5068,0,35
5069,1,56
5070,0,25
5071,1,25
5072,0,45
5073,0,56
5074,0,1
5075,0,50
5076,0,25
5077,0,25
5078,0,45
5079,0,25
5080,1,50
5081,1,18
5082,0,35
5083,0,25
5084,0,18
5085,0,56
5086,0,25
5087,1,25
5088,0,25
5089,1,35
5090,1,35
5091,0,25
5092,0,56
5093,0,50
5094,0,18
5095,1,35
5096,0,25
5097,0,56
5098,0,50
5099,0,18
5100,0,50
5101,0,25
5102,0,25
5103,1,35
5104,0,35
5105,0,50
5106,1,35
5107,1,45
5108,1,25
5109,1,45
5110,0,35
5111,0,35
5112,0,35
5113,0,25
5114,1,1
5115,0,56
5116,0,35
5117,1,25
5118,0,1
5119,1,25
5120,0,50
5121,0,25
5122,0,25
5123,0,50
5124,0,35
5125,0,45
5126,0,25
5127,0,45
5128,0,50
5129,0,45
5130,1,50
5131,1,25
5132,0,35
5133,0,18
5134,0,25
5135,0,35
5136,0,25
5137,0,18
5138,0,25
5139,0,50
5140,0,25
5141,0,18
5142,0,25
5143,0,18
5144,1,50
5145,0,35
5146,0,56
5147,0,18
5148,0,25
5149,0,35
5150,0,25
5151,0,18
5152,1,25
5153,0,25
5154,0,25
5155,0,25
5156,0,18
5157,0,35
5158,1,18
5159,0,35
5160,1,18
5161,0,25
5162,0,25
5163,0,45
5164,1,35
5165,0,35
5166,0,50
5167,0,18
5168,0,35
5169,1,50
5170,0,18
5171,0,56
5172,1,35
5173,0,1
5174,0,45
5175,1,35
5176,0,1
5177,0,45
5178,0,50
5179,0,25
5180,0,35
5181,0,25
5182,1,35
5183,1,18
5184,0,18
5185,1,35
5186,0,35
5187,0,18
5188,1,35
5189,1,45
5190,1,35
5191,1,25
5192,0,25
5193,0,35
5194,0,25
5195,0,35
5196,0,56
5197,1,56
5198,1,18
5199,1,25
5200,1,35
5201,0,50
5202,0,18
5203,1,45
5204,0,50
5205,0,25
5206,0,35
5207,0,25
5208,0,25
5209,0,50
5210,1,35
5211,0,25
5212,0,18
5213,0,18
5214,1,35
5215,1,56
5216,0,18
5217,0,25
5218,0,18
5219,0,18
5220,0,25
5221,1,56
5222,0,25
5223,0,56
5224,0,35
5225,0,18
5226,0,35
5227,0,18
5228,0,1
5229,0,25
5230,0,25
5231,0,35
5232,0,25
5233,0,25
5234,1,25
5235,0,25
5236,0,25
5237,0,25
5238,1,50
5239,0,35
5240,1,25
5241,1,25
5242,0,25
5243,0,1
5244,0,18
5245,1,45
5246,1,18
5247,1,1
5248,1,45
5249,1,45
5250,0,50
5251,1,25
5252,0,25
5253,1,56
5254,0,18
5255,0,1
5256,0,25
5257,1,25
5258,0,35
5259,0,25
5260,0,35
5261,0,35
5262,1,25
5263,0,35
5264,0,18
5265,0,45
5266,0,35
5267,0,35
5268,1,25
5269,0,18
5270,0,25
5271,1,25
5272,0,25
5273,0,56
5274,0,25
5275,0,25
5276,1,25
5277,0,25
5278,1,25
5279,1,25
5280,0,18
5281,0,25
5282,1,18
5283,0,18
5284,0,25
5285,0,18
5286,0,45
5287,0,25
5288,0,56
5289,0,45
5290,1,18
5291,0,45
5292,0,25
5293,0,25
5294,0,25
5295,0,35
5296,1,1
5297,0,25
5298,0,35
5299,0,25
5300,0,25
5301,0,25
5302,1,1
5303,1,56
5304,1,35
5305,1,18
5306,1,25
5307,0,25
5308,0,56
5309,0,25
5310,1,56
5311,0,50
5312,0,25
5313,0,56
5314,1,25
5315,0,25
5316,0,18
5317,1,25
5318,0,18
5319,0,18
5320,1,18
5321,0,25
5322,0,35
5323,0,25
5324,0,25
5325,1,50
5326,0,25
5327,0,25
5328,1,25
5329,1,25
5330,1,25
5331,0,35
5332,0,18
5333,1,25
5334,1,56
5335,0,25
5336,0,56
5337,1,35
5338,0,25
5339,0,18
5340,1,50
5341,1,25
5342,1,35
5343,1,25
5344,1,50
5345,1,25
5346,1,25
5347,0,25
5348,0,18
5349,1,50
5350,0,18
5351,1,45
5352,1,35
5353,0,25
5354,1,45
5355,0,56
5356,0,45
5357,1,18
5358,0,35
5359,0,18
5360,0,18
5361,1,50
5362,0,35
5363,0,56
5364,1,25
5365,0,18
5366,0,18
5367,0,18
5368,1,25
5369,0,25
5370,0,25
5371,0,25
5372,0,25
5373,0,18
5374,0,35
5375,0,25
5376,0,25
5377,1,18
5378,0,35
5379,0,25
5380,0,18
5381,0,25
5382,0,18
5383,0,35
5384,1,25
5385,0,25
5386,0,25
5387,1,25
5388,1,18
5389,0,45
5390,0,1
5391,0,25
5392,0,50
5393,0,35
5394,0,18
5395,0,50
5396,0,25
5397,0,18
5398,0,56
5399,0,25
5400,1,18
5401,1,18
5402,1,25
5403,0,1
5404,0,25
5405,1,50
5406,1,35
5407,1,35
5408,0,25
5409,0,45
5410,1,45
5411,1,1
5412,0,25
5413,0,35
5414,0,1
5415,1,25
5416,1,25
5417,0,18
5418,1,25
5419,1,18
5420,1,1
5421,0,35
5422,0,50
5423,1,50
5424,1,35
5425,0,18
5426,0,25
5427,0,35
5428,1,25
5429,1,25
5430,1,45
5431,0,56
5432,0,56
5433,1,35
5434,1,25
5435,0,45
5436,0,18
5437,0,25
5438,0,25
5439,0,56
5440,1,45
5441,0,50
5442,0,25
5443,0,25
5444,1,18
5445,0,25
5446,1,50
5447,0,45
5448,0,45
5449,0,18
5450,0,18
5451,1,25
5452,0,35
5453,0,18
5454,0,35
5455,1,18
5456,0,35
5457,0,18
5458,1,18
5459,1,1
5460,0,18
5461,0,50
5462,0,25
5463,0,35
5464,0,35
5465,1,25
5466,0,25
5467,0,35
5468,0,25
5469,0,35
5470,0,56
5471,0,18
5472,0,35
5473,0,25
5474,0,25
5475,0,25
5476,1,35
5477,0,35
5478,0,35
5479,0,35
5480,1,25
5481,0,45
5482,0,18
5483,1,25
5484,0,45
5485,0,25
5486,0,25
5487,0,25
5488,0,25
5489,0,18
5490,0,45
5491,0,18
5492,0,18
5493,0,35
5494,1,35
5495,1,18
5496,0,25
5497,0,25
5498,1,50
5499,1,25
5500,1,35
5501,0,25
5502,0,25
5503,1,25
5504,0,45
5505,1,25
5506,1,18
5507,0,45
5508,0,25
5509,0,25
5510,0,18
5511,0,45
5512,1,25
5513,0,35
5514,1,1
5515,0,18
5516,1,50
5517,0,56
5518,0,50
5519,0,35
5520,0,45
5521,1,25
5522,0,25
5523,0,35
5524,1,1
5525,1,1
5526,1,35
5527,0,25
5528,0,50
5529,0,18
5530,1,18
5531,0,50
5532,0,25
5533,1,50
5534,0,45
5535,0,25
5536,0,25
5537,1,56
5538,0,45
5539,1,25
5540,0,35
5541,0,56
5542,0,45
5543,0,25
5544,0,25
5545,1,35
5546,0,18
5547,1,18
5548,1,18
5549,1,50
5550,0,35
5551,1,35
5552,0,50
5553,0,35
5554,0,25
5555,0,1
5556,0,45
5557,0,35
5558,0,1
5559,0,50
5560,1,35
5561,1,25
5562,1,35
5563,1,25
5564,0,45
5565,0,18
5566,0,35
5567,0,50
5568,0,18
5569,1,18
5570,0,25
5571,1,25
5572,1,25
5573,1,35
5574,0,25
5575,0,35
5576,0,25
5577,0,50
5578,1,18
5579,1,35
5580,0,45
5581,0,25
5582,0,45
5583,0,56
5584,1,50
5585,0,25
5586,0,35
5587,0,25
5588,1,25
5589,1,25
5590,1,45
5591,0,18
5592,0,25
5593,0,50
5594,1,45
5595,0,25
5596,0,35
5597,1,18
5598,0,18
5599,0,35
5600,1,45
5601,0,35
5602,0,35
5603,0,50
5604,0,35
5605,1,18
5606,1,25
5607,0,18
5608,0,18
5609,1,50
5610,1,25
5611,1,35
5612,1,25
5613,1,35
5614,0,25
5615,0,35
5616,0,45
5617,0,25
5618,1,18
5619,1,18
5620,0,35
5621,0,25
5622,0,35
5623,0,25
5624,0,25
5625,0,25
5626,0,56
5627,0,25
5628,0,18
5629,0,25
5630,0,35
5631,0,35
5632,1,18
5633,0,50
5634,0,25
5635,1,35
5636,0,25
5637,0,1
5638,0,18
5639,1,18
5640,0,35
5641,1,25
5642,0,1
5643,1,35
5644,1,18
5645,0,25
5646,0,18
5647,0,18
5648,0,25
5649,1,18
5650,1,35
5651,1,25
5652,0,18
5653,0,50
5654,0,25
5655,1,25
5656,0,25
5657,0,50
5658,0,56
5659,0,25
5660,0,25
5661,1,25
5662,0,1
5663,1,35
5664,0,18
5665,0,18
5666,0,18
5667,0,35
5668,1,25
5669,0,56
5670,0,18
5671,0,25
5672,1,25
5673,1,35
5674,0,35
5675,0,35
5676,0,25
5677,0,25
5678,0,35
5679,0,35
5680,0,50
5681,1,25
5682,0,18
5683,1,18
5684,0,18
5685,0,25
5686,0,56
5687,1,1
5688,1,18
5689,0,25
5690,0,18
5691,0,35
5692,1,25
5693,1,25
5694,1,25
5695,1,35
5696,1,25
5697,0,25
5698,0,35
5699,0,35
5700,1,18
5701,0,25
5702,0,18
5703,0,56
5704,1,18
5705,1,18
5706,0,18
5707,0,25
5708,0,35
5709,0,18
5710,0,25
5711,0,25
5712,0,35
5713,1,50
5714,0,35
5715,0,18
5716,0,1
5717,0,25
5718,1,35
5719,0,56
5720,0,25
5721,0,45
5722,0,25
5723,0,18
5724,0,25
5725,0,18
5726,0,25
5727,0,25
5728,1,35
5729,0,18
5730,0,18
5731,1,25
5732,1,25
5733,0,25
5734,1,25
5735,0,25
5736,0,25
5737,0,45
5738,0,25
5739,0,25
5740,0,25
5741,0,50
5742,1,25
5743,1,35
5744,1,25
5745,1,18
5746,0,18
5747,0,25
5748,0,25
5749,0,25
5750,0,18
5751,1,1
5752,1,56
5753,0,18
5754,1,18
5755,1,35
5756,1,1
5757,0,1
5758,1,50
5759,1,25
5760,0,18
5761,0,25
5762,1,35
5763,1,25
5764,1,50
5765,0,25
5766,0,56
5767,0,25
5768,1,1
5769,0,45
5770,0,25
5771,0,25
5772,0,35
5773,0,25
5774,0,18
5775,0,25
5776,0,18
5777,0,1
5778,0,35
5779,0,25
5780,0,18
5781,0,25
5782,1,35
5783,1,45
5784,0,18
5785,1,25
5786,0,25
5787,0,25
5788,0,25
5789,0,25
5790,1,35
5791,0,18
5792,0,25
5793,0,25
5794,0,35
5795,0,25
5796,1,25
5797,0,25
5798,0,35
5799,0,25
5800,0,35
5801,0,25
5802,1,25
5803,0,1
5804,1,35
5805,1,25
5806,1,50
5807,0,35
5808,1,25
5809,0,25
5810,0,50
5811,0,18
5812,1,25
5813,0,25
5814,0,25
5815,0,25
5816,0,25
5817,0,25
5818,0,25
5819,0,50
5820,0,45
5821,0,25
5822,1,35
5823,0,25
5824,0,18
5825,1,25
5826,0,18
5827,0,25
5828,0,25
5829,1,25
5830,1,18
5831,0,25
5832,1,25
5833,1,35
5834,0,56
5835,1,35
5836,0,25
5837,0,25
5838,1,45
5839,0,25
5840,1,1
5841,1,35
5842,0,25
5843,0,35
5844,1,1
5845,1,25
5846,0,45
5847,1,18
5848,0,50
5849,0,35
5850,1,25
5851,1,18
5852,1,25
5853,0,50
5854,0,45
5855,0,50
5856,1,25
5857,1,45
5858,0,25
5859,0,25
5860,1,25
5861,1,50
5862,1,25
5863,1,25
5864,1,50
5865,0,25
5866,1,25
5867,1,45
5868,0,35
5869,1,25
5870,0,25
5871,1,25
5872,0,25
5873,0,18
5874,0,25
5875,0,25
5876,0,50
5877,0,18
5878,1,25
5879,0,35
5880,0,25
5881,0,35
5882,0,35
5883,1,18
5884,0,18
5885,0,25
5886,0,25
5887,1,35
5888,0,25
5889,0,50
5890,0,35
5891,0,18
5892,0,45
5893,0,25
5894,0,35
5895,0,25
5896,0,25
5897,0,25
5898,1,18
5899,0,35
5900,0,25
5901,1,35
5902,0,50
5903,0,25
5904,1,45
5905,1,35
5906,1,18
5907,0,25
5908,0,25
5909,0,18
5910,1,45
5911,1,25
5912,0,25
5913,1,18
5914,0,35
5915,0,18
5916,0,50
5917,1,50
5918,0,25
5919,0,18
5920,1,25
5921,0,25
5922,0,56
5923,0,25
5924,0,35
5925,1,25
5926,1,50
5927,0,35
5928,0,45
5929,1,35
5930,1,35
5931,1,18
5932,0,18
5933,0,25
5934,0,25
5935,0,18
5936,0,18
5937,0,25
5938,0,25
5939,1,45
5940,0,50
5941,1,25
5942,0,45
5943,1,45
5944,1,18
5945,1,35
5946,1,56
5947,1,45
5948,0,56
5949,0,18
5950,0,25
5951,0,18
5952,1,45
5953,0,1
5954,0,45
5955,1,25
5956,1,18
5957,0,18
5958,0,45
5959,1,18
5960,1,45
5961,1,45
5962,0,35
5963,0,25
5964,0,18
5965,0,25
5966,1,35
5967,0,50
5968,0,56
5969,0,45
5970,0,35
5971,0,35
5972,1,25
5973,0,1
5974,1,25
5975,0,25
5976,1,25
5977,0,35
5978,0,35
5979,0,25
5980,0,56
5981,0,35
5982,0,35
5983,0,25
5984,0,25
5985,1,18
5986,1,56
5987,0,25
5988,0,25
5989,1,1
5990,1,25
5991,1,35
5992,1,18
5993,1,50
5994,0,35
5995,1,35
5996,1,25
5997,1,25
5998,0,18
5999,1,25
6000,0,45
6001,1,25
6002,0,50
6003,1,45
6004,1,25
6005,1,25
6006,1,1
6007,0,35
6008,0,18
6009,1,25
6010,0,35
6011,0,35
6012,0,35
6013,1,25
6014,0,45
6015,1,25
6016,0,45
6017,1,35
6018,0,35
6019,0,25
6020,0,50
6021,0,25
6022,0,25
6023,0,25
6024,0,25
6025,1,25
6026,0,35
6027,0,18
6028,0,18
6029,1,25
6030,0,25
6031,1,18
6032,0,45
6033,0,50
6034,0,25
6035,1,25
6036,1,25
6037,1,45
6038,1,56
6039,1,45
6040,0,25
